id;name;description;is_enum;show_order;active
1;Technician Unbranded;Sleek Wooden Ball International card;false;68270;false
2;middleware;array;false;11743;true
3;Hat;whiteboard;true;92874;true
4;infomediaries solid state Personal Loan Account;bandwidth Garden Credit Card Account;false;64507;false
5;Estonia Customer Sharable;Kansas virtual Ball;true;78205;false
6;GB Vermont SDD;compressing;true;47977;true
7;ability haptic;connecting Bedfordshire;true;190;true
8;pink Ranch;auxiliary Fort;true;50360;true
9;interfaces;mindshare;true;27207;false
10;payment;focus group Lari;true;46344;false
